year,gini
2024,0.9311558348249349
overall,0.9317242004779748
