quarter,mean,median,sum,count
Q1,6021.647847136901,568.1,24502085.09000005,4069
Q2,6118.193041769033,576.35,24901045.679999962,4070
Q3,5992.59798938679,562.105,20326892.37999999,3392
